"custom_name","variable","label_2023","label_2024","exists_2023","exists_2024","label_changed"
"Total_Pop","S0101_C01_001","Estimate!!Total!!Total population","Estimate!!Total!!Total population",TRUE,TRUE,FALSE
"MedianAge","S0101_C01_032","Estimate!!Total!!Total population!!SUMMARY INDICATORS!!Median age (years)","Estimate!!Total!!Total population!!SUMMARY INDICATORS!!Median age (years)",TRUE,TRUE,FALSE
"TotalFB","B05002_013","Estimate!!Total:!!Foreign-born:","Estimate!!Total:!!Foreign-born:",TRUE,TRUE,FALSE
"TotalFBandNB","B05002_001","Estimate!!Total:","Estimate!!Total:",TRUE,TRUE,FALSE
"FB_cit_Europe","B05002_015","Estimate!!Total:!!Foreign-born:!!Naturalized U.S. citizen!!Europe","Estimate!!Total:!!Foreign-born:!!Naturalized U.S. citizen!!Europe",TRUE,TRUE,FALSE
"FB_cit_Asia","B05002_016","Estimate!!Total:!!Foreign-born:!!Naturalized U.S. citizen!!Asia","Estimate!!Total:!!Foreign-born:!!Naturalized U.S. citizen!!Asia",TRUE,TRUE,FALSE
"FB_cit_Africa","B05002_017","Estimate!!Total:!!Foreign-born:!!Naturalized U.S. citizen!!Africa","Estimate!!Total:!!Foreign-born:!!Naturalized U.S. citizen!!Africa",TRUE,TRUE,FALSE
"FB_cit_Oceania","B05002_018","Estimate!!Total:!!Foreign-born:!!Naturalized U.S. citizen!!Oceania","Estimate!!Total:!!Foreign-born:!!Naturalized U.S. citizen!!Oceania",TRUE,TRUE,FALSE
"FB_cit_LatinAmer","B05002_019","Estimate!!Total:!!Foreign-born:!!Naturalized U.S. citizen!!Latin America","Estimate!!Total:!!Foreign-born:!!Naturalized U.S. citizen!!Latin America",TRUE,TRUE,FALSE
"FB_cit_NorthAmer","B05002_020","Estimate!!Total:!!Foreign-born:!!Naturalized U.S. citizen!!Northern America","Estimate!!Total:!!Foreign-born:!!Naturalized U.S. citizen!!Northern America",TRUE,TRUE,FALSE
"FB_noncit_Europe","B05002_022","Estimate!!Total:!!Foreign-born:!!Not a U.S. citizen!!Europe","Estimate!!Total:!!Foreign-born:!!Not a U.S. citizen!!Europe",TRUE,TRUE,FALSE
"FB_noncit_Asia","B05002_023","Estimate!!Total:!!Foreign-born:!!Not a U.S. citizen!!Asia","Estimate!!Total:!!Foreign-born:!!Not a U.S. citizen!!Asia",TRUE,TRUE,FALSE
"FB_noncit_Africa","B05002_024","Estimate!!Total:!!Foreign-born:!!Not a U.S. citizen!!Africa","Estimate!!Total:!!Foreign-born:!!Not a U.S. citizen!!Africa",TRUE,TRUE,FALSE
"FB_noncit_Oceania","B05002_025","Estimate!!Total:!!Foreign-born:!!Not a U.S. citizen!!Oceania","Estimate!!Total:!!Foreign-born:!!Not a U.S. citizen!!Oceania",TRUE,TRUE,FALSE
"FB_noncit_LatinAmer","B05002_026","Estimate!!Total:!!Foreign-born:!!Not a U.S. citizen!!Latin America","Estimate!!Total:!!Foreign-born:!!Not a U.S. citizen!!Latin America",TRUE,TRUE,FALSE
"FB_noncit_NorthAmer","B05002_027","Estimate!!Total:!!Foreign-born:!!Not a U.S. citizen!!Northern America","Estimate!!Total:!!Foreign-born:!!Not a U.S. citizen!!Northern America",TRUE,TRUE,FALSE
"pct_veterans","S2101_C04_001","Estimate!!Percent Veterans!!Civilian population 18 years and over","Estimate!!Percent Veterans!!Civilian population 18 years and over",TRUE,TRUE,FALSE
"Perc65plus","S0101_C02_030","Estimate!!Percent!!Total population!!SELECTED AGE CATEGORIES!!65 years and over","Estimate!!Percent!!Total population!!SELECTED AGE CATEGORIES!!65 years and over",TRUE,TRUE,FALSE
"PercUnder18","S0101_C02_022","Estimate!!Percent!!Total population!!SELECTED AGE CATEGORIES!!Under 18 years","Estimate!!Percent!!Total population!!SELECTED AGE CATEGORIES!!Under 18 years",TRUE,TRUE,FALSE
"NHWhite","DP05_0096",NA,"Estimate!!HISPANIC OR LATINO AND RACE!!Total population!!Not Hispanic or Latino!!White alone",FALSE,TRUE,FALSE
"NHBlack","DP05_0097",NA,"Estimate!!HISPANIC OR LATINO AND RACE!!Total population!!Not Hispanic or Latino!!Black or African American alone",FALSE,TRUE,FALSE
"NH_AIAN","DP05_0098",NA,"Estimate!!HISPANIC OR LATINO AND RACE!!Total population!!Not Hispanic or Latino!!American Indian and Alaska Native alone",FALSE,TRUE,FALSE
"NHAsian","DP05_0099",NA,"Estimate!!HISPANIC OR LATINO AND RACE!!Total population!!Not Hispanic or Latino!!Asian alone",FALSE,TRUE,FALSE
"NH_NHPI","DP05_0100",NA,"Estimate!!HISPANIC OR LATINO AND RACE!!Total population!!Not Hispanic or Latino!!Native Hawaiian and Other Pacific Islander alone",FALSE,TRUE,FALSE
"NHOther","DP05_0101",NA,"Estimate!!HISPANIC OR LATINO AND RACE!!Total population!!Not Hispanic or Latino!!Some Other Race alone",FALSE,TRUE,FALSE
"NHMultiracial","DP05_0102",NA,"Estimate!!HISPANIC OR LATINO AND RACE!!Total population!!Not Hispanic or Latino!!Two or More Races",FALSE,TRUE,FALSE
"Hispanic","DP05_0090","Estimate!!HISPANIC OR LATINO AND RACE!!Total population!!Not Hispanic or Latino!!Two or More Races!!Two races excluding Some Other Race, and three or more races","Estimate!!HISPANIC OR LATINO AND RACE!!Total population!!Hispanic or Latino (of any race)",TRUE,TRUE,TRUE
"HispanicMexican","B03001_004","Estimate!!Total:!!Hispanic or Latino:!!Mexican","Estimate!!Total:!!Hispanic or Latino:!!Mexican",TRUE,TRUE,FALSE
"HispanicPuertoRican","B03001_005","Estimate!!Total:!!Hispanic or Latino:!!Puerto Rican","Estimate!!Total:!!Hispanic or Latino:!!Puerto Rican",TRUE,TRUE,FALSE
"HispanicCuban","B03001_006","Estimate!!Total:!!Hispanic or Latino:!!Cuban","Estimate!!Total:!!Hispanic or Latino:!!Cuban",TRUE,TRUE,FALSE
"HispanicDominican","B03001_007","Estimate!!Total:!!Hispanic or Latino:!!Dominican (Dominican Republic)","Estimate!!Total:!!Hispanic or Latino:!!Dominican (Dominican Republic)",TRUE,TRUE,FALSE
"HispanicCostaRican","B03001_009","Estimate!!Total:!!Hispanic or Latino:!!Central American:!!Costa Rican","Estimate!!Total:!!Hispanic or Latino:!!Central American:!!Costa Rican",TRUE,TRUE,FALSE
"HispanicGuatemalan","B03001_010","Estimate!!Total:!!Hispanic or Latino:!!Central American:!!Guatemalan","Estimate!!Total:!!Hispanic or Latino:!!Central American:!!Guatemalan",TRUE,TRUE,FALSE
"HispanicHonduran","B03001_011","Estimate!!Total:!!Hispanic or Latino:!!Central American:!!Honduran","Estimate!!Total:!!Hispanic or Latino:!!Central American:!!Honduran",TRUE,TRUE,FALSE
"HispanicNicaraguan","B03001_012","Estimate!!Total:!!Hispanic or Latino:!!Central American:!!Nicaraguan","Estimate!!Total:!!Hispanic or Latino:!!Central American:!!Nicaraguan",TRUE,TRUE,FALSE
"HispanicPanamanian","B03001_013","Estimate!!Total:!!Hispanic or Latino:!!Central American:!!Panamanian","Estimate!!Total:!!Hispanic or Latino:!!Central American:!!Panamanian",TRUE,TRUE,FALSE
"HispanicSalvadoran","B03001_014","Estimate!!Total:!!Hispanic or Latino:!!Central American:!!Salvadoran","Estimate!!Total:!!Hispanic or Latino:!!Central American:!!Salvadoran",TRUE,TRUE,FALSE
"HispanicOtherCentralAmerican","B03001_015","Estimate!!Total:!!Hispanic or Latino:!!Central American:!!Other Central American","Estimate!!Total:!!Hispanic or Latino:!!Central American:!!Other Central American",TRUE,TRUE,FALSE
"HispanicArgentinean","B03001_017","Estimate!!Total:!!Hispanic or Latino:!!South American:!!Argentinean","Estimate!!Total:!!Hispanic or Latino:!!South American:!!Argentinean",TRUE,TRUE,FALSE
"HispanicBolivian","B03001_018","Estimate!!Total:!!Hispanic or Latino:!!South American:!!Bolivian","Estimate!!Total:!!Hispanic or Latino:!!South American:!!Bolivian",TRUE,TRUE,FALSE
"HispanicChilean","B03001_019","Estimate!!Total:!!Hispanic or Latino:!!South American:!!Chilean","Estimate!!Total:!!Hispanic or Latino:!!South American:!!Chilean",TRUE,TRUE,FALSE
"HispanicColombian","B03001_020","Estimate!!Total:!!Hispanic or Latino:!!South American:!!Colombian","Estimate!!Total:!!Hispanic or Latino:!!South American:!!Colombian",TRUE,TRUE,FALSE
"HispanicEcuadorian","B03001_021","Estimate!!Total:!!Hispanic or Latino:!!South American:!!Ecuadorian","Estimate!!Total:!!Hispanic or Latino:!!South American:!!Ecuadorian",TRUE,TRUE,FALSE
"HispanicParaguayan","B03001_022","Estimate!!Total:!!Hispanic or Latino:!!South American:!!Paraguayan","Estimate!!Total:!!Hispanic or Latino:!!South American:!!Paraguayan",TRUE,TRUE,FALSE
"HispanicPeruvian","B03001_023","Estimate!!Total:!!Hispanic or Latino:!!South American:!!Peruvian","Estimate!!Total:!!Hispanic or Latino:!!South American:!!Peruvian",TRUE,TRUE,FALSE
"HispanicUruguayan","B03001_024","Estimate!!Total:!!Hispanic or Latino:!!South American:!!Uruguayan","Estimate!!Total:!!Hispanic or Latino:!!South American:!!Uruguayan",TRUE,TRUE,FALSE
"HispanicVenezuelan","B03001_025","Estimate!!Total:!!Hispanic or Latino:!!South American:!!Venezuelan","Estimate!!Total:!!Hispanic or Latino:!!South American:!!Venezuelan",TRUE,TRUE,FALSE
"HispanicOtherSouthAmerican","B03001_026","Estimate!!Total:!!Hispanic or Latino:!!South American:!!Other South American","Estimate!!Total:!!Hispanic or Latino:!!South American:!!Other South American",TRUE,TRUE,FALSE
"HispanicSpaniard","B03001_028","Estimate!!Total:!!Hispanic or Latino:!!Other Hispanic or Latino:!!Spaniard","Estimate!!Total:!!Hispanic or Latino:!!Other Hispanic or Latino:!!Spaniard",TRUE,TRUE,FALSE
"HispanicSpanish","B03001_029","Estimate!!Total:!!Hispanic or Latino:!!Other Hispanic or Latino:!!Spanish","Estimate!!Total:!!Hispanic or Latino:!!Other Hispanic or Latino:!!Spanish",TRUE,TRUE,FALSE
"HispanicSpanishAmerican","B03001_030","Estimate!!Total:!!Hispanic or Latino:!!Other Hispanic or Latino:!!Spanish American","Estimate!!Total:!!Hispanic or Latino:!!Other Hispanic or Latino:!!Spanish American",TRUE,TRUE,FALSE
"HispanicAllOtherHispanic","B03001_031","Estimate!!Total:!!Hispanic or Latino:!!Other Hispanic or Latino:!!All other Hispanic or Latino","Estimate!!Total:!!Hispanic or Latino:!!Other Hispanic or Latino:!!All other Hispanic or Latino",TRUE,TRUE,FALSE
"AsianIndian","C02015_002","Estimate!!Total:!!Asian Indian","Estimate!!Total:!!Asian Indian",TRUE,TRUE,FALSE
"Chinese","C02015_003","Estimate!!Total:!!Chinese","Estimate!!Total:!!Chinese",TRUE,TRUE,FALSE
"Filipino","C02015_004","Estimate!!Total:!!Filipino","Estimate!!Total:!!Filipino",TRUE,TRUE,FALSE
"Japanese","C02015_005","Estimate!!Total:!!Japanese","Estimate!!Total:!!Japanese",TRUE,TRUE,FALSE
"Korean","C02015_006","Estimate!!Total:!!Korean","Estimate!!Total:!!Korean",TRUE,TRUE,FALSE
"Vietnamese","C02015_007","Estimate!!Total:!!Vietnamese","Estimate!!Total:!!Vietnamese",TRUE,TRUE,FALSE
"OtherAsian","C02015_008","Estimate!!Total:!!Other Asian","Estimate!!Total:!!Other Asian",TRUE,TRUE,FALSE
"MaleUnder_5_years","S0101_C03_002","Estimate!!Male!!Total population!!AGE!!Under 5 years","Estimate!!Male!!Total population!!AGE!!Under 5 years",TRUE,TRUE,FALSE
"Male5_to_9_years","S0101_C03_003","Estimate!!Male!!Total population!!AGE!!5 to 9 years","Estimate!!Male!!Total population!!AGE!!5 to 9 years",TRUE,TRUE,FALSE
"Male10_to_14_years","S0101_C03_004","Estimate!!Male!!Total population!!AGE!!10 to 14 years","Estimate!!Male!!Total population!!AGE!!10 to 14 years",TRUE,TRUE,FALSE
"Male15_to_19_years","S0101_C03_005","Estimate!!Male!!Total population!!AGE!!15 to 19 years","Estimate!!Male!!Total population!!AGE!!15 to 19 years",TRUE,TRUE,FALSE
"Male20_to_24_years","S0101_C03_006","Estimate!!Male!!Total population!!AGE!!20 to 24 years","Estimate!!Male!!Total population!!AGE!!20 to 24 years",TRUE,TRUE,FALSE
"Male25_to_29_years","S0101_C03_007","Estimate!!Male!!Total population!!AGE!!25 to 29 years","Estimate!!Male!!Total population!!AGE!!25 to 29 years",TRUE,TRUE,FALSE
"Male30_to_34_years","S0101_C03_008","Estimate!!Male!!Total population!!AGE!!30 to 34 years","Estimate!!Male!!Total population!!AGE!!30 to 34 years",TRUE,TRUE,FALSE
"Male35_to_39_years","S0101_C03_009","Estimate!!Male!!Total population!!AGE!!35 to 39 years","Estimate!!Male!!Total population!!AGE!!35 to 39 years",TRUE,TRUE,FALSE
"Male40_to_44_years","S0101_C03_010","Estimate!!Male!!Total population!!AGE!!40 to 44 years","Estimate!!Male!!Total population!!AGE!!40 to 44 years",TRUE,TRUE,FALSE
"Male45_to_49_years","S0101_C03_011","Estimate!!Male!!Total population!!AGE!!45 to 49 years","Estimate!!Male!!Total population!!AGE!!45 to 49 years",TRUE,TRUE,FALSE
"Male50_to_54_years","S0101_C03_012","Estimate!!Male!!Total population!!AGE!!50 to 54 years","Estimate!!Male!!Total population!!AGE!!50 to 54 years",TRUE,TRUE,FALSE
"Male55_to_59_years","S0101_C03_013","Estimate!!Male!!Total population!!AGE!!55 to 59 years","Estimate!!Male!!Total population!!AGE!!55 to 59 years",TRUE,TRUE,FALSE
"Male60_to_64_years","S0101_C03_014","Estimate!!Male!!Total population!!AGE!!60 to 64 years","Estimate!!Male!!Total population!!AGE!!60 to 64 years",TRUE,TRUE,FALSE
"Male65_to_69_years","S0101_C03_015","Estimate!!Male!!Total population!!AGE!!65 to 69 years","Estimate!!Male!!Total population!!AGE!!65 to 69 years",TRUE,TRUE,FALSE
"Male70_to_74_years","S0101_C03_016","Estimate!!Male!!Total population!!AGE!!70 to 74 years","Estimate!!Male!!Total population!!AGE!!70 to 74 years",TRUE,TRUE,FALSE
"Male75_to_79_years","S0101_C03_017","Estimate!!Male!!Total population!!AGE!!75 to 79 years","Estimate!!Male!!Total population!!AGE!!75 to 79 years",TRUE,TRUE,FALSE
"Male80_to_84_years","S0101_C03_018","Estimate!!Male!!Total population!!AGE!!80 to 84 years","Estimate!!Male!!Total population!!AGE!!80 to 84 years",TRUE,TRUE,FALSE
"Male85_years_and_over","S0101_C03_019","Estimate!!Male!!Total population!!AGE!!85 years and over","Estimate!!Male!!Total population!!AGE!!85 years and over",TRUE,TRUE,FALSE
"FemaleUnder_5_years","S0101_C05_002","Estimate!!Female!!Total population!!AGE!!Under 5 years","Estimate!!Female!!Total population!!AGE!!Under 5 years",TRUE,TRUE,FALSE
"Female5_to_9_years","S0101_C05_003","Estimate!!Female!!Total population!!AGE!!5 to 9 years","Estimate!!Female!!Total population!!AGE!!5 to 9 years",TRUE,TRUE,FALSE
"Female10_to_14_years","S0101_C05_004","Estimate!!Female!!Total population!!AGE!!10 to 14 years","Estimate!!Female!!Total population!!AGE!!10 to 14 years",TRUE,TRUE,FALSE
"Female15_to_19_years","S0101_C05_005","Estimate!!Female!!Total population!!AGE!!15 to 19 years","Estimate!!Female!!Total population!!AGE!!15 to 19 years",TRUE,TRUE,FALSE
"Female20_to_24_years","S0101_C05_006","Estimate!!Female!!Total population!!AGE!!20 to 24 years","Estimate!!Female!!Total population!!AGE!!20 to 24 years",TRUE,TRUE,FALSE
"Female25_to_29_years","S0101_C05_007","Estimate!!Female!!Total population!!AGE!!25 to 29 years","Estimate!!Female!!Total population!!AGE!!25 to 29 years",TRUE,TRUE,FALSE
"Female30_to_34_years","S0101_C05_008","Estimate!!Female!!Total population!!AGE!!30 to 34 years","Estimate!!Female!!Total population!!AGE!!30 to 34 years",TRUE,TRUE,FALSE
"Female35_to_39_years","S0101_C05_009","Estimate!!Female!!Total population!!AGE!!35 to 39 years","Estimate!!Female!!Total population!!AGE!!35 to 39 years",TRUE,TRUE,FALSE
"Female40_to_44_years","S0101_C05_010","Estimate!!Female!!Total population!!AGE!!40 to 44 years","Estimate!!Female!!Total population!!AGE!!40 to 44 years",TRUE,TRUE,FALSE
"Female45_to_49_years","S0101_C05_011","Estimate!!Female!!Total population!!AGE!!45 to 49 years","Estimate!!Female!!Total population!!AGE!!45 to 49 years",TRUE,TRUE,FALSE
"Female50_to_54_years","S0101_C05_012","Estimate!!Female!!Total population!!AGE!!50 to 54 years","Estimate!!Female!!Total population!!AGE!!50 to 54 years",TRUE,TRUE,FALSE
"Female55_to_59_years","S0101_C05_013","Estimate!!Female!!Total population!!AGE!!55 to 59 years","Estimate!!Female!!Total population!!AGE!!55 to 59 years",TRUE,TRUE,FALSE
"Female60_to_64_years","S0101_C05_014","Estimate!!Female!!Total population!!AGE!!60 to 64 years","Estimate!!Female!!Total population!!AGE!!60 to 64 years",TRUE,TRUE,FALSE
"Female65_to_69_years","S0101_C05_015","Estimate!!Female!!Total population!!AGE!!65 to 69 years","Estimate!!Female!!Total population!!AGE!!65 to 69 years",TRUE,TRUE,FALSE
"Female70_to_74_years","S0101_C05_016","Estimate!!Female!!Total population!!AGE!!70 to 74 years","Estimate!!Female!!Total population!!AGE!!70 to 74 years",TRUE,TRUE,FALSE
"Female75_to_79_years","S0101_C05_017","Estimate!!Female!!Total population!!AGE!!75 to 79 years","Estimate!!Female!!Total population!!AGE!!75 to 79 years",TRUE,TRUE,FALSE
"Female80_to_84_years","S0101_C05_018","Estimate!!Female!!Total population!!AGE!!80 to 84 years","Estimate!!Female!!Total population!!AGE!!80 to 84 years",TRUE,TRUE,FALSE
"Female85_years_and_over","S0101_C05_019","Estimate!!Female!!Total population!!AGE!!85 years and over","Estimate!!Female!!Total population!!AGE!!85 years and over",TRUE,TRUE,FALSE
"MedianHouseholdIncome","S1901_C01_012","Estimate!!Households!!Median income (dollars)","Estimate!!Households!!Median income (dollars)",TRUE,TRUE,FALSE
"MedianFamilyIncome","S1901_C02_012","Estimate!!Families!!Median income (dollars)","Estimate!!Families!!Median income (dollars)",TRUE,TRUE,FALSE
"MFIBlack","B19113B_001","Estimate!!Median family income in the past 12 months (in 2023 inflation-adjusted dollars)","Estimate!!Median family income in the past 12 months (in 2024 inflation-adjusted dollars)",TRUE,TRUE,TRUE
"MFIAsian","B19113D_001","Estimate!!Median family income in the past 12 months (in 2023 inflation-adjusted dollars)","Estimate!!Median family income in the past 12 months (in 2024 inflation-adjusted dollars)",TRUE,TRUE,TRUE
"MFIHispanic","B19113I_001","Estimate!!Median family income in the past 12 months (in 2023 inflation-adjusted dollars)","Estimate!!Median family income in the past 12 months (in 2024 inflation-adjusted dollars)",TRUE,TRUE,TRUE
"MFINHWhite","B19113H_001","Estimate!!Median family income in the past 12 months (in 2023 inflation-adjusted dollars)","Estimate!!Median family income in the past 12 months (in 2024 inflation-adjusted dollars)",TRUE,TRUE,TRUE
"PercHH0to9999","S1901_C01_002","Estimate!!Households!!Total!!Less than $10,000","Estimate!!Households!!Total!!Less than $10,000",TRUE,TRUE,FALSE
"PercHH10kto14999","S1901_C01_003","Estimate!!Households!!Total!!$10,000 to $14,999","Estimate!!Households!!Total!!$10,000 to $14,999",TRUE,TRUE,FALSE
"PercHH15kto24999","S1901_C01_004","Estimate!!Households!!Total!!$15,000 to $24,999","Estimate!!Households!!Total!!$15,000 to $24,999",TRUE,TRUE,FALSE
"PercHH25kto34999","S1901_C01_005","Estimate!!Households!!Total!!$25,000 to $34,999","Estimate!!Households!!Total!!$25,000 to $34,999",TRUE,TRUE,FALSE
"PercHH35kto49999","S1901_C01_006","Estimate!!Households!!Total!!$35,000 to $49,999","Estimate!!Households!!Total!!$35,000 to $49,999",TRUE,TRUE,FALSE
"PercHH50kto74999","S1901_C01_007","Estimate!!Households!!Total!!$50,000 to $74,999","Estimate!!Households!!Total!!$50,000 to $74,999",TRUE,TRUE,FALSE
"PercHH75kto99999","S1901_C01_008","Estimate!!Households!!Total!!$75,000 to $99,999","Estimate!!Households!!Total!!$75,000 to $99,999",TRUE,TRUE,FALSE
"PercHH100kto149999","S1901_C01_009","Estimate!!Households!!Total!!$100,000 to $149,999","Estimate!!Households!!Total!!$100,000 to $149,999",TRUE,TRUE,FALSE
"PercHH150kto199999","S1901_C01_010","Estimate!!Households!!Total!!$150,000 to $199,999","Estimate!!Households!!Total!!$150,000 to $199,999",TRUE,TRUE,FALSE
"PercHH200kmore","S1901_C01_011","Estimate!!Households!!Total!!$200,000 or more","Estimate!!Households!!Total!!$200,000 or more",TRUE,TRUE,FALSE
"Occupied_HU","DP04_0002","Estimate!!HOUSING OCCUPANCY!!Total housing units!!Occupied housing units","Estimate!!HOUSING OCCUPANCY!!Total housing units!!Occupied housing units",TRUE,TRUE,FALSE
"HU_1unit_detached","DP04_0007","Estimate!!UNITS IN STRUCTURE!!Total housing units!!1-unit, detached","Estimate!!UNITS IN STRUCTURE!!Total housing units!!1-unit, detached",TRUE,TRUE,FALSE
"HU_1unit_attached","DP04_0008","Estimate!!UNITS IN STRUCTURE!!Total housing units!!1-unit, attached","Estimate!!UNITS IN STRUCTURE!!Total housing units!!1-unit, attached",TRUE,TRUE,FALSE
"HU_2units","DP04_0009","Estimate!!UNITS IN STRUCTURE!!Total housing units!!2 units","Estimate!!UNITS IN STRUCTURE!!Total housing units!!2 units",TRUE,TRUE,FALSE
"HU_3or4units","DP04_0010","Estimate!!UNITS IN STRUCTURE!!Total housing units!!3 or 4 units","Estimate!!UNITS IN STRUCTURE!!Total housing units!!3 or 4 units",TRUE,TRUE,FALSE
"HU_5to9units","DP04_0011","Estimate!!UNITS IN STRUCTURE!!Total housing units!!5 to 9 units","Estimate!!UNITS IN STRUCTURE!!Total housing units!!5 to 9 units",TRUE,TRUE,FALSE
"HU_10to19units","DP04_0012","Estimate!!UNITS IN STRUCTURE!!Total housing units!!10 to 19 units","Estimate!!UNITS IN STRUCTURE!!Total housing units!!10 to 19 units",TRUE,TRUE,FALSE
"HU_20moreunits","DP04_0013","Estimate!!UNITS IN STRUCTURE!!Total housing units!!20 or more units","Estimate!!UNITS IN STRUCTURE!!Total housing units!!20 or more units",TRUE,TRUE,FALSE
"HU_mobilehome","DP04_0014","Estimate!!UNITS IN STRUCTURE!!Total housing units!!Mobile home","Estimate!!UNITS IN STRUCTURE!!Total housing units!!Mobile home",TRUE,TRUE,FALSE
"HU_boat_rv_van","DP04_0015","Estimate!!UNITS IN STRUCTURE!!Total housing units!!Boat, RV, van, etc.","Estimate!!UNITS IN STRUCTURE!!Total housing units!!Boat, RV, van, etc.",TRUE,TRUE,FALSE
"Perc1unitDetached","DP04_0007P","Percent!!UNITS IN STRUCTURE!!Total housing units!!1-unit, detached","Percent!!UNITS IN STRUCTURE!!Total housing units!!1-unit, detached",TRUE,TRUE,FALSE
"Perc1unitAttached","DP04_0008P","Percent!!UNITS IN STRUCTURE!!Total housing units!!1-unit, attached","Percent!!UNITS IN STRUCTURE!!Total housing units!!1-unit, attached",TRUE,TRUE,FALSE
"Perc2units","DP04_0009P","Percent!!UNITS IN STRUCTURE!!Total housing units!!2 units","Percent!!UNITS IN STRUCTURE!!Total housing units!!2 units",TRUE,TRUE,FALSE
"Perc3or4units","DP04_0010P","Percent!!UNITS IN STRUCTURE!!Total housing units!!3 or 4 units","Percent!!UNITS IN STRUCTURE!!Total housing units!!3 or 4 units",TRUE,TRUE,FALSE
"Perc5to9units","DP04_0011P","Percent!!UNITS IN STRUCTURE!!Total housing units!!5 to 9 units","Percent!!UNITS IN STRUCTURE!!Total housing units!!5 to 9 units",TRUE,TRUE,FALSE
"Perc10to19units","DP04_0012P","Percent!!UNITS IN STRUCTURE!!Total housing units!!10 to 19 units","Percent!!UNITS IN STRUCTURE!!Total housing units!!10 to 19 units",TRUE,TRUE,FALSE
"Perc20plusunits","DP04_0013P","Percent!!UNITS IN STRUCTURE!!Total housing units!!20 or more units","Percent!!UNITS IN STRUCTURE!!Total housing units!!20 or more units",TRUE,TRUE,FALSE
"PercMobileHome","DP04_0014P","Percent!!UNITS IN STRUCTURE!!Total housing units!!Mobile home","Percent!!UNITS IN STRUCTURE!!Total housing units!!Mobile home",TRUE,TRUE,FALSE
"PercBoatsRVVans","DP04_0015P","Percent!!UNITS IN STRUCTURE!!Total housing units!!Boat, RV, van, etc.","Percent!!UNITS IN STRUCTURE!!Total housing units!!Boat, RV, van, etc.",TRUE,TRUE,FALSE
"HH_average_size","S1101_C01_002","Estimate!!Total!!HOUSEHOLDS!!Average household size","Estimate!!Total!!HOUSEHOLDS!!Average household size",TRUE,TRUE,FALSE
"PercHH_with_under18","S1101_C01_010","Estimate!!Total!!Total households!!SELECTED HOUSEHOLDS BY TYPE!!Households with one or more people under 18 years","Estimate!!Total!!Total households!!SELECTED HOUSEHOLDS BY TYPE!!Households with one or more people under 18 years",TRUE,TRUE,FALSE
"Families_total","S1101_C01_003","Estimate!!Total!!FAMILIES!!Total families","Estimate!!Total!!FAMILIES!!Total families",TRUE,TRUE,FALSE
"avg_family_size","S1101_C01_004","Estimate!!Total!!FAMILIES!!Average family size","Estimate!!Total!!FAMILIES!!Average family size",TRUE,TRUE,FALSE
"PercHH_livingalone","S1101_C01_013","Estimate!!Total!!Total households!!SELECTED HOUSEHOLDS BY TYPE!!Householder living alone","Estimate!!Total!!Total households!!SELECTED HOUSEHOLDS BY TYPE!!Householder living alone",TRUE,TRUE,FALSE
"pct_unemployed","DP03_0009P","Percent!!EMPLOYMENT STATUS!!Civilian labor force!!Unemployment Rate","Percent!!EMPLOYMENT STATUS!!Civilian labor force!!Unemployment Rate",TRUE,TRUE,FALSE
"plus16_InLaborForce","DP03_0002","Estimate!!EMPLOYMENT STATUS!!Population 16 years and over!!In labor force","Estimate!!EMPLOYMENT STATUS!!Population 16 years and over!!In labor force",TRUE,TRUE,FALSE
"WorkerClassUniverse","S2408_C01_001","Estimate!!Total!!Civilian employed population 16 years and over","Estimate!!Total!!Civilian employed population 16 years and over",TRUE,TRUE,FALSE
"emp_PrivateForProfit","S2408_C01_002","Estimate!!Total!!Civilian employed population 16 years and over!!Private for-profit wage and salary workers:","Estimate!!Total!!Civilian employed population 16 years and over!!Private for-profit wage and salary workers:",TRUE,TRUE,FALSE
"emp_PrivatNonProfit","S2408_C01_005","Estimate!!Total!!Civilian employed population 16 years and over!!Private not-for-profit wage and salary workers","Estimate!!Total!!Civilian employed population 16 years and over!!Private not-for-profit wage and salary workers",TRUE,TRUE,FALSE
"emp_LocalGov","S2408_C01_006","Estimate!!Total!!Civilian employed population 16 years and over!!Local government workers","Estimate!!Total!!Civilian employed population 16 years and over!!Local government workers",TRUE,TRUE,FALSE
"emp_StateGov","S2408_C01_007","Estimate!!Total!!Civilian employed population 16 years and over!!State government workers","Estimate!!Total!!Civilian employed population 16 years and over!!State government workers",TRUE,TRUE,FALSE
"emp_FedGov","S2408_C01_008","Estimate!!Total!!Civilian employed population 16 years and over!!Federal government workers","Estimate!!Total!!Civilian employed population 16 years and over!!Federal government workers",TRUE,TRUE,FALSE
"emp_SelfEmploy","S2408_C01_009","Estimate!!Total!!Civilian employed population 16 years and over!!Self-employed in own not incorporated business workers and unpaid family workers","Estimate!!Total!!Civilian employed population 16 years and over!!Self-employed in own not incorporated business workers and unpaid family workers",TRUE,TRUE,FALSE
"PercHSorhigher","S1501_C02_014","Estimate!!Percent!!AGE BY EDUCATIONAL ATTAINMENT!!Population 25 years and over!!High school graduate or higher","Estimate!!Percent!!AGE BY EDUCATIONAL ATTAINMENT!!Population 25 years and over!!High school graduate or higher",TRUE,TRUE,FALSE
"PercBAorhigher","S1501_C02_015","Estimate!!Percent!!AGE BY EDUCATIONAL ATTAINMENT!!Population 25 years and over!!Bachelor's degree or higher","Estimate!!Percent!!AGE BY EDUCATIONAL ATTAINMENT!!Population 25 years and over!!Bachelor's degree or higher",TRUE,TRUE,FALSE
"PercNHW_HShigher","S1501_C02_032","Estimate!!Percent!!RACE AND HISPANIC OR LATINO ORIGIN BY EDUCATIONAL ATTAINMENT!!White alone, not Hispanic or Latino!!High school graduate or higher","Estimate!!Percent!!RACE AND HISPANIC OR LATINO ORIGIN BY EDUCATIONAL ATTAINMENT!!White alone, not Hispanic or Latino!!High school graduate or higher",TRUE,TRUE,FALSE
"PercNHW_BAhigher","S1501_C02_033","Estimate!!Percent!!RACE AND HISPANIC OR LATINO ORIGIN BY EDUCATIONAL ATTAINMENT!!White alone, not Hispanic or Latino!!Bachelor's degree or higher","Estimate!!Percent!!RACE AND HISPANIC OR LATINO ORIGIN BY EDUCATIONAL ATTAINMENT!!White alone, not Hispanic or Latino!!Bachelor's degree or higher",TRUE,TRUE,FALSE
"PercBlack_HShigher","S1501_C02_035","Estimate!!Percent!!RACE AND HISPANIC OR LATINO ORIGIN BY EDUCATIONAL ATTAINMENT!!Black alone!!High school graduate or higher","Estimate!!Percent!!RACE AND HISPANIC OR LATINO ORIGIN BY EDUCATIONAL ATTAINMENT!!Black alone!!High school graduate or higher",TRUE,TRUE,FALSE
"PercBlack_BAhigher","S1501_C02_036","Estimate!!Percent!!RACE AND HISPANIC OR LATINO ORIGIN BY EDUCATIONAL ATTAINMENT!!Black alone!!Bachelor's degree or higher","Estimate!!Percent!!RACE AND HISPANIC OR LATINO ORIGIN BY EDUCATIONAL ATTAINMENT!!Black alone!!Bachelor's degree or higher",TRUE,TRUE,FALSE
"PercAsianHShigher","S1501_C02_041","Estimate!!Percent!!RACE AND HISPANIC OR LATINO ORIGIN BY EDUCATIONAL ATTAINMENT!!Asian alone!!High school graduate or higher","Estimate!!Percent!!RACE AND HISPANIC OR LATINO ORIGIN BY EDUCATIONAL ATTAINMENT!!Asian alone!!High school graduate or higher",TRUE,TRUE,FALSE
"PercAsianBAhigher","S1501_C02_042","Estimate!!Percent!!RACE AND HISPANIC OR LATINO ORIGIN BY EDUCATIONAL ATTAINMENT!!Asian alone!!Bachelor's degree or higher","Estimate!!Percent!!RACE AND HISPANIC OR LATINO ORIGIN BY EDUCATIONAL ATTAINMENT!!Asian alone!!Bachelor's degree or higher",TRUE,TRUE,FALSE
"PercHispHShigher","S1501_C02_053","Estimate!!Percent!!RACE AND HISPANIC OR LATINO ORIGIN BY EDUCATIONAL ATTAINMENT!!Hispanic or Latino Origin!!High school graduate or higher","Estimate!!Percent!!RACE AND HISPANIC OR LATINO ORIGIN BY EDUCATIONAL ATTAINMENT!!Hispanic or Latino Origin!!High school graduate or higher",TRUE,TRUE,FALSE
"PercHispBAhigher","S1501_C02_054","Estimate!!Percent!!RACE AND HISPANIC OR LATINO ORIGIN BY EDUCATIONAL ATTAINMENT!!Hispanic or Latino Origin!!Bachelor's degree or higher","Estimate!!Percent!!RACE AND HISPANIC OR LATINO ORIGIN BY EDUCATIONAL ATTAINMENT!!Hispanic or Latino Origin!!Bachelor's degree or higher",TRUE,TRUE,FALSE
"CostBurdenedUniverse","S2503_C01_001","Estimate!!Occupied housing units!!Occupied housing units","Estimate!!Occupied housing units!!Occupied housing units",TRUE,TRUE,FALSE
"CostBurdened_0to19999","S2503_C01_028","Estimate!!Occupied housing units!!Occupied housing units!!MONTHLY HOUSING COSTS AS A PERCENTAGE OF HOUSEHOLD INCOME IN THE PAST 12 MONTHS!!Less than $20,000!!30 percent or more","Estimate!!Occupied housing units!!Occupied housing units!!MONTHLY HOUSING COSTS AS A PERCENTAGE OF HOUSEHOLD INCOME IN THE PAST 12 MONTHS!!Less than $20,000!!30 percent or more",TRUE,TRUE,FALSE
"CostBurdened_20kto34999","S2503_C01_032","Estimate!!Occupied housing units!!Occupied housing units!!MONTHLY HOUSING COSTS AS A PERCENTAGE OF HOUSEHOLD INCOME IN THE PAST 12 MONTHS!!$20,000 to $34,999!!30 percent or more","Estimate!!Occupied housing units!!Occupied housing units!!MONTHLY HOUSING COSTS AS A PERCENTAGE OF HOUSEHOLD INCOME IN THE PAST 12 MONTHS!!$20,000 to $34,999!!30 percent or more",TRUE,TRUE,FALSE
"CostBurdened_35kto49999","S2503_C01_036","Estimate!!Occupied housing units!!Occupied housing units!!MONTHLY HOUSING COSTS AS A PERCENTAGE OF HOUSEHOLD INCOME IN THE PAST 12 MONTHS!!$35,000 to $49,999!!30 percent or more","Estimate!!Occupied housing units!!Occupied housing units!!MONTHLY HOUSING COSTS AS A PERCENTAGE OF HOUSEHOLD INCOME IN THE PAST 12 MONTHS!!$35,000 to $49,999!!30 percent or more",TRUE,TRUE,FALSE
"CostBurdened_50kto74999","S2503_C01_040","Estimate!!Occupied housing units!!Occupied housing units!!MONTHLY HOUSING COSTS AS A PERCENTAGE OF HOUSEHOLD INCOME IN THE PAST 12 MONTHS!!$50,000 to $74,999!!30 percent or more","Estimate!!Occupied housing units!!Occupied housing units!!MONTHLY HOUSING COSTS AS A PERCENTAGE OF HOUSEHOLD INCOME IN THE PAST 12 MONTHS!!$50,000 to $74,999!!30 percent or more",TRUE,TRUE,FALSE
"CostBurdened_75kmore","S2503_C01_044","Estimate!!Occupied housing units!!Occupied housing units!!MONTHLY HOUSING COSTS AS A PERCENTAGE OF HOUSEHOLD INCOME IN THE PAST 12 MONTHS!!$75,000 or more!!30 percent or more","Estimate!!Occupied housing units!!Occupied housing units!!MONTHLY HOUSING COSTS AS A PERCENTAGE OF HOUSEHOLD INCOME IN THE PAST 12 MONTHS!!$75,000 or more!!30 percent or more",TRUE,TRUE,FALSE
"PercNoHealthInsurance","DP03_0099P","Percent!!HEALTH INSURANCE COVERAGE!!Civilian noninstitutionalized population!!No health insurance coverage","Percent!!HEALTH INSURANCE COVERAGE!!Civilian noninstitutionalized population!!No health insurance coverage",TRUE,TRUE,FALSE
"NoHealthInsuraceUnder19","B27010_017","Estimate!!Total:!!Under 19 years:!!No health insurance coverage","Estimate!!Total:!!Under 19 years:!!No health insurance coverage",TRUE,TRUE,FALSE
"NoHealthInsurance65over","B27010_066","Estimate!!Total:!!65 years and over:!!No health insurance coverage","Estimate!!Total:!!65 years and over:!!No health insurance coverage",TRUE,TRUE,FALSE
"pct_disability","S1810_C03_001","Estimate!!Percent with a disability!!Total civilian noninstitutionalized population","Estimate!!Percent with a disability!!Total civilian noninstitutionalized population",TRUE,TRUE,FALSE
"disability_HearingDifficulty","S1810_C02_019","Estimate!!With a disability!!Total civilian noninstitutionalized population!!DISABILITY TYPE BY DETAILED AGE!!With a hearing difficulty","Estimate!!With a disability!!Total civilian noninstitutionalized population!!DISABILITY TYPE BY DETAILED AGE!!With a hearing difficulty",TRUE,TRUE,FALSE
"disability_VisionDifficulty","S1810_C02_029","Estimate!!With a disability!!Total civilian noninstitutionalized population!!DISABILITY TYPE BY DETAILED AGE!!With a vision difficulty","Estimate!!With a disability!!Total civilian noninstitutionalized population!!DISABILITY TYPE BY DETAILED AGE!!With a vision difficulty",TRUE,TRUE,FALSE
"disability_CognitiveDisability","S1810_C02_039","Estimate!!With a disability!!Total civilian noninstitutionalized population!!DISABILITY TYPE BY DETAILED AGE!!With a cognitive difficulty","Estimate!!With a disability!!Total civilian noninstitutionalized population!!DISABILITY TYPE BY DETAILED AGE!!With a cognitive difficulty",TRUE,TRUE,FALSE
"disability_AmbulatoryDifficulty","S1810_C02_047","Estimate!!With a disability!!Total civilian noninstitutionalized population!!DISABILITY TYPE BY DETAILED AGE!!With an ambulatory difficulty","Estimate!!With a disability!!Total civilian noninstitutionalized population!!DISABILITY TYPE BY DETAILED AGE!!With an ambulatory difficulty",TRUE,TRUE,FALSE
"disability_SelfCareDifficulty","S1810_C02_055","Estimate!!With a disability!!Total civilian noninstitutionalized population!!DISABILITY TYPE BY DETAILED AGE!!With a self-care difficulty","Estimate!!With a disability!!Total civilian noninstitutionalized population!!DISABILITY TYPE BY DETAILED AGE!!With a self-care difficulty",TRUE,TRUE,FALSE
"disability_IndependentLivingDifficulty","S1810_C02_063","Estimate!!With a disability!!Total civilian noninstitutionalized population!!DISABILITY TYPE BY DETAILED AGE!!With an independent living difficulty","Estimate!!With a disability!!Total civilian noninstitutionalized population!!DISABILITY TYPE BY DETAILED AGE!!With an independent living difficulty",TRUE,TRUE,FALSE
"pct_poverty","S1701_C03_001","Estimate!!Percent below poverty level!!Population for whom poverty status is determined","Estimate!!Percent below poverty level!!Population for whom poverty status is determined",TRUE,TRUE,FALSE
"PctBlackBelowPov","S1701_C03_014","Estimate!!Percent below poverty level!!Population for whom poverty status is determined!!RACE AND HISPANIC OR LATINO ORIGIN!!Black or African American alone","Estimate!!Percent below poverty level!!Population for whom poverty status is determined!!RACE AND HISPANIC OR LATINO ORIGIN!!Black or African American alone",TRUE,TRUE,FALSE
"PctAsianBelowPov","S1701_C03_016","Estimate!!Percent below poverty level!!Population for whom poverty status is determined!!RACE AND HISPANIC OR LATINO ORIGIN!!Asian alone","Estimate!!Percent below poverty level!!Population for whom poverty status is determined!!RACE AND HISPANIC OR LATINO ORIGIN!!Asian alone",TRUE,TRUE,FALSE
"PctOtherBelowPov","S1701_C03_018","Estimate!!Percent below poverty level!!Population for whom poverty status is determined!!RACE AND HISPANIC OR LATINO ORIGIN!!Some other race alone","Estimate!!Percent below poverty level!!Population for whom poverty status is determined!!RACE AND HISPANIC OR LATINO ORIGIN!!Some other race alone",TRUE,TRUE,FALSE
"PctMultiracialBelowPov","S1701_C03_019","Estimate!!Percent below poverty level!!Population for whom poverty status is determined!!RACE AND HISPANIC OR LATINO ORIGIN!!Two or more races","Estimate!!Percent below poverty level!!Population for whom poverty status is determined!!RACE AND HISPANIC OR LATINO ORIGIN!!Two or more races",TRUE,TRUE,FALSE
"PctHispanicBelowPov","S1701_C03_020","Estimate!!Percent below poverty level!!Population for whom poverty status is determined!!RACE AND HISPANIC OR LATINO ORIGIN!!Hispanic or Latino origin (of any race)","Estimate!!Percent below poverty level!!Population for whom poverty status is determined!!RACE AND HISPANIC OR LATINO ORIGIN!!Hispanic or Latino origin (of any race)",TRUE,TRUE,FALSE
"PctNHWhiteBelowPov","S1701_C03_021","Estimate!!Percent below poverty level!!Population for whom poverty status is determined!!RACE AND HISPANIC OR LATINO ORIGIN!!White alone, not Hispanic or Latino","Estimate!!Percent below poverty level!!Population for whom poverty status is determined!!RACE AND HISPANIC OR LATINO ORIGIN!!White alone, not Hispanic or Latino",TRUE,TRUE,FALSE
"PercHHSNAP","S2201_C04_001","Estimate!!Percent households receiving food stamps/SNAP!!Households","Estimate!!Percent households receiving food stamps/SNAP!!Households",TRUE,TRUE,FALSE
"PercBlackSNAP","S2201_C04_026","Estimate!!Percent households receiving food stamps/SNAP!!Households!!RACE AND HISPANIC OR LATINO ORIGIN OF HOUSEHOLDER!!Black or African American alone","Estimate!!Percent households receiving food stamps/SNAP!!Households!!RACE AND HISPANIC OR LATINO ORIGIN OF HOUSEHOLDER!!Black or African American alone",TRUE,TRUE,FALSE
"PercAIANSNAP","S2201_C04_027","Estimate!!Percent households receiving food stamps/SNAP!!Households!!RACE AND HISPANIC OR LATINO ORIGIN OF HOUSEHOLDER!!American Indian and Alaska Native alone","Estimate!!Percent households receiving food stamps/SNAP!!Households!!RACE AND HISPANIC OR LATINO ORIGIN OF HOUSEHOLDER!!American Indian and Alaska Native alone",TRUE,TRUE,FALSE
"PercAsianSNAP","S2201_C04_028","Estimate!!Percent households receiving food stamps/SNAP!!Households!!RACE AND HISPANIC OR LATINO ORIGIN OF HOUSEHOLDER!!Asian alone","Estimate!!Percent households receiving food stamps/SNAP!!Households!!RACE AND HISPANIC OR LATINO ORIGIN OF HOUSEHOLDER!!Asian alone",TRUE,TRUE,FALSE
"PercAnotherSNAP","S2201_C04_030","Estimate!!Percent households receiving food stamps/SNAP!!Households!!RACE AND HISPANIC OR LATINO ORIGIN OF HOUSEHOLDER!!Some other race alone","Estimate!!Percent households receiving food stamps/SNAP!!Households!!RACE AND HISPANIC OR LATINO ORIGIN OF HOUSEHOLDER!!Some other race alone",TRUE,TRUE,FALSE
"PercMultiSNAP","S2201_C04_031","Estimate!!Percent households receiving food stamps/SNAP!!Households!!RACE AND HISPANIC OR LATINO ORIGIN OF HOUSEHOLDER!!Two or more races","Estimate!!Percent households receiving food stamps/SNAP!!Households!!RACE AND HISPANIC OR LATINO ORIGIN OF HOUSEHOLDER!!Two or more races",TRUE,TRUE,FALSE
"PercHispSNAP","S2201_C04_032","Estimate!!Percent households receiving food stamps/SNAP!!Households!!RACE AND HISPANIC OR LATINO ORIGIN OF HOUSEHOLDER!!Hispanic or Latino origin (of any race)","Estimate!!Percent households receiving food stamps/SNAP!!Households!!RACE AND HISPANIC OR LATINO ORIGIN OF HOUSEHOLDER!!Hispanic or Latino origin (of any race)",TRUE,TRUE,FALSE
"PercNHWSNAP","S2201_C04_033","Estimate!!Percent households receiving food stamps/SNAP!!Households!!RACE AND HISPANIC OR LATINO ORIGIN OF HOUSEHOLDER!!White alone, not Hispanic or Latino","Estimate!!Percent households receiving food stamps/SNAP!!Households!!RACE AND HISPANIC OR LATINO ORIGIN OF HOUSEHOLDER!!White alone, not Hispanic or Latino",TRUE,TRUE,FALSE
"PercNoVehicle","S2504_C02_027","Estimate!!Percent occupied housing units!!Occupied housing units!!VEHICLES AVAILABLE!!No vehicle available","Estimate!!Percent occupied housing units!!Occupied housing units!!VEHICLES AVAILABLE!!No vehicle available",TRUE,TRUE,FALSE
"over65HH","B09021_022","Estimate!!Total:!!65 years and over:","Estimate!!Total:!!65 years and over:",TRUE,TRUE,FALSE
"over65Alone","B09021_023","Estimate!!Total:!!65 years and over:!!Lives alone","Estimate!!Total:!!65 years and over:!!Lives alone",TRUE,TRUE,FALSE
"PercLimitedEnglish","S1601_C06_001","Estimate!!Percent speak English less than ""very well""!!Percent of specified language speakers!!Population 5 years and over","Estimate!!Percent speak English less than ""very well""!!Percent of specified language speakers!!Population 5 years and over",TRUE,TRUE,FALSE
"pct_no_internet","S2801_C02_019","Estimate!!Percent!!Total households!!TYPE OF INTERNET SUBSCRIPTIONS!!Without an Internet subscription","Estimate!!Percent!!Total households!!TYPE OF INTERNET SUBSCRIPTIONS!!Without an Internet subscription",TRUE,TRUE,FALSE
"PercOwner","S1101_C01_018","Estimate!!Total!!Total households!!HOUSING TENURE!!Owner-occupied housing units","Estimate!!Total!!Total households!!HOUSING TENURE!!Owner-occupied housing units",TRUE,TRUE,FALSE
"PercRenter","S1101_C01_019","Estimate!!Total!!Total households!!HOUSING TENURE!!Renter-occupied housing units","Estimate!!Total!!Total households!!HOUSING TENURE!!Renter-occupied housing units",TRUE,TRUE,FALSE
"HHBlack","B25003B_001","Estimate!!Total:","Estimate!!Total:",TRUE,TRUE,FALSE
"HHBlackOwner","B25003B_002","Estimate!!Total:!!Owner occupied","Estimate!!Total:!!Owner occupied",TRUE,TRUE,FALSE
"HHBlackRenter","B25003B_003","Estimate!!Total:!!Renter occupied","Estimate!!Total:!!Renter occupied",TRUE,TRUE,FALSE
"HHAsian","B25003D_001","Estimate!!Total:","Estimate!!Total:",TRUE,TRUE,FALSE
"HHAsianOwner","B25003D_002","Estimate!!Total:!!Owner occupied","Estimate!!Total:!!Owner occupied",TRUE,TRUE,FALSE
"HHAsianRenter","B25003D_003","Estimate!!Total:!!Renter occupied","Estimate!!Total:!!Renter occupied",TRUE,TRUE,FALSE
"HH_NHWhite","B25003H_001","Estimate!!Total:","Estimate!!Total:",TRUE,TRUE,FALSE
"HH_NHWhiteOwner","B25003H_002","Estimate!!Total:!!Owner occupied","Estimate!!Total:!!Owner occupied",TRUE,TRUE,FALSE
"HH_NHWhiteRenter","B25003H_003","Estimate!!Total:!!Renter occupied","Estimate!!Total:!!Renter occupied",TRUE,TRUE,FALSE
"HH_Hispanic","B25003I_001","Estimate!!Total:","Estimate!!Total:",TRUE,TRUE,FALSE
"HH_HispanicOwner","B25003I_002","Estimate!!Total:!!Owner occupied","Estimate!!Total:!!Owner occupied",TRUE,TRUE,FALSE
"HH_HispanicRenter","B25003I_003","Estimate!!Total:!!Renter occupied","Estimate!!Total:!!Renter occupied",TRUE,TRUE,FALSE
"HousingUnits","DP04_0001","Estimate!!HOUSING OCCUPANCY!!Total housing units","Estimate!!HOUSING OCCUPANCY!!Total housing units",TRUE,TRUE,FALSE
"SpeakSpanish","S1601_C01_004","Estimate!!Total!!Population 5 years and over!!SPEAK A LANGUAGE OTHER THAN ENGLISH!!Spanish","Estimate!!Total!!Population 5 years and over!!SPEAK A LANGUAGE OTHER THAN ENGLISH!!Spanish",TRUE,TRUE,FALSE
"SpeakIndoEuroLang","S1601_C01_008","Estimate!!Total!!Population 5 years and over!!SPEAK A LANGUAGE OTHER THAN ENGLISH!!Other Indo-European languages","Estimate!!Total!!Population 5 years and over!!SPEAK A LANGUAGE OTHER THAN ENGLISH!!Other Indo-European languages",TRUE,TRUE,FALSE
"SpeakAPILang","S1601_C01_012","Estimate!!Total!!Population 5 years and over!!SPEAK A LANGUAGE OTHER THAN ENGLISH!!Asian and Pacific Island languages","Estimate!!Total!!Population 5 years and over!!SPEAK A LANGUAGE OTHER THAN ENGLISH!!Asian and Pacific Island languages",TRUE,TRUE,FALSE
"SpeakOtherLang","S1601_C01_016","Estimate!!Total!!Population 5 years and over!!SPEAK A LANGUAGE OTHER THAN ENGLISH!!Other languages","Estimate!!Total!!Population 5 years and over!!SPEAK A LANGUAGE OTHER THAN ENGLISH!!Other languages",TRUE,TRUE,FALSE
"DroveAlone","B08006_003","Estimate!!Total:!!Car, truck, or van:!!Drove alone","Estimate!!Total:!!Car, truck, or van:!!Drove alone",TRUE,TRUE,FALSE
"Carpooled","B08006_004","Estimate!!Total:!!Car, truck, or van:!!Carpooled:","Estimate!!Total:!!Car, truck, or van:!!Carpooled:",TRUE,TRUE,FALSE
"PublicTransport","B08006_008","Estimate!!Total:!!Public transportation (excluding taxicab):","Estimate!!Total:!!Public transportation:",TRUE,TRUE,TRUE
"Walked","B08006_015","Estimate!!Total:!!Walked","Estimate!!Total:!!Walked",TRUE,TRUE,FALSE
"Bicycle","B08006_014","Estimate!!Total:!!Bicycle","Estimate!!Total:!!Bicycle",TRUE,TRUE,FALSE
"TaxiMotorcycle","B08006_016","Estimate!!Total:!!Taxicab, motorcycle, or other means","Estimate!!Total:!!Taxi or ride-hailing services, motorcycle, or other means",TRUE,TRUE,TRUE
"WorkFromHome","B08006_017","Estimate!!Total:!!Worked from home","Estimate!!Total:!!Worked from home",TRUE,TRUE,FALSE
"PercDrovealone","S0801_C01_003","Estimate!!Total!!Workers 16 years and over!!MEANS OF TRANSPORTATION TO WORK!!Car, truck, or van!!Drove alone","Estimate!!Total!!Workers 16 years and over!!MEANS OF TRANSPORTATION TO WORK!!Car, truck, or van!!Drove alone",TRUE,TRUE,FALSE
"PercCarpooled","S0801_C01_004","Estimate!!Total!!Workers 16 years and over!!MEANS OF TRANSPORTATION TO WORK!!Car, truck, or van!!Carpooled","Estimate!!Total!!Workers 16 years and over!!MEANS OF TRANSPORTATION TO WORK!!Car, truck, or van!!Carpooled",TRUE,TRUE,FALSE
"Pct_public_transport","S0801_C01_009","Estimate!!Total!!Workers 16 years and over!!MEANS OF TRANSPORTATION TO WORK!!Public transportation (excluding taxicab)","Estimate!!Total!!Workers 16 years and over!!MEANS OF TRANSPORTATION TO WORK!!Public transportation",TRUE,TRUE,TRUE
"Perc_Walked","S0801_C01_010","Estimate!!Total!!Workers 16 years and over!!MEANS OF TRANSPORTATION TO WORK!!Walked","Estimate!!Total!!Workers 16 years and over!!MEANS OF TRANSPORTATION TO WORK!!Walked",TRUE,TRUE,FALSE
"PercBicycle","S0801_C01_011","Estimate!!Total!!Workers 16 years and over!!MEANS OF TRANSPORTATION TO WORK!!Bicycle","Estimate!!Total!!Workers 16 years and over!!MEANS OF TRANSPORTATION TO WORK!!Bicycle",TRUE,TRUE,FALSE
"PercTaxiMotorcycleOther","S0801_C01_012","Estimate!!Total!!Workers 16 years and over!!MEANS OF TRANSPORTATION TO WORK!!Taxicab, motorcycle, or other means","Estimate!!Total!!Workers 16 years and over!!MEANS OF TRANSPORTATION TO WORK!!Taxi or ride-hailing services, motorcycle, or other means",TRUE,TRUE,TRUE
"pct_work_from_home","S0801_C01_013","Estimate!!Total!!Workers 16 years and over!!MEANS OF TRANSPORTATION TO WORK!!Worked from home","Estimate!!Total!!Workers 16 years and over!!MEANS OF TRANSPORTATION TO WORK!!Worked from home",TRUE,TRUE,FALSE
"WorkersMeanTravelTime","S0801_C01_046","Estimate!!Total!!Workers 16 years and over who did not work from home!!TRAVEL TIME TO WORK!!Mean travel time to work (minutes)","Estimate!!Total!!Workers 16 years and over who did not work from home!!TRAVEL TIME TO WORK!!Mean travel time to work (minutes)",TRUE,TRUE,FALSE
